timestamp,mode,market,symbol,action,side,direction,leverage,price,quantity,notional_usdt,margin_usdt,risk_at_stop_usdt,reason,status,order_id,raw_response
2026-04-15T13:32:18+00:00,реальный,USDT-M Futures,ARIAUSDT,OPEN_SHORT,SELL,SHORT,3,0.1049,571,59.8979,19.96596666666666666666666667,1.197958,"импульс вниз -7.09%, RSI=21.3, объем/средний=4.00, EMA тренд вниз",НОВЫЙ,68770651,"{""orderId"": 68770651, ""symbol"": ""ARIAUSDT"", ""status"": ""NEW"", ""clientOrderId"": ""x-Cb7ytekJ737a169b93ff613b03c390"", ""price"": ""0.0000000"", ""avgPrice"": ""0.00"", ""origQty"": ""571"", ""executedQty"": ""0"", ""cumQty"": ""0"", ""cumQuote"": ""0.0000000"", ""timeInForce"": ""GTC"", ""type"": ""MARKET"", ""reduceOnly"": false, ""closePosition"": false, ""side"": ""SELL"", ""positionSide"": ""BOTH"", ""stopPrice"": ""0.0000000"", ""workingType"": ""CONTRACT_PRICE"", ""priceProtect"": false, ""origType"": ""MARKET"", ""priceMatch"": ""NONE"", ""selfTradePreventionMode"": ""EXPIRE_MAKER"", ""goodTillDate"": 0, ""updateTime"": 1776259946001}"
2026-04-15T13:35:30+00:00,реальный,USDT-M Futures,RAVEUSDT,OPEN_SHORT,SELL,SHORT,3,11.3236,5,56.6180,18.87266666666666666666666667,1.132360,"импульс вниз -2.80%, RSI=28.5, объем/средний=1.69, EMA тренд вниз",НОВЫЙ,56422460,"{""orderId"": 56422460, ""symbol"": ""RAVEUSDT"", ""status"": ""NEW"", ""clientOrderId"": ""x-Cb7ytekJb5657cc540d039c5f72cc5"", ""price"": ""0.0000000"", ""avgPrice"": ""0.00"", ""origQty"": ""5"", ""executedQty"": ""0"", ""cumQty"": ""0"", ""cumQuote"": ""0.0000000"", ""timeInForce"": ""GTC"", ""type"": ""MARKET"", ""reduceOnly"": false, ""closePosition"": false, ""side"": ""SELL"", ""positionSide"": ""BOTH"", ""stopPrice"": ""0.0000000"", ""workingType"": ""CONTRACT_PRICE"", ""priceProtect"": false, ""origType"": ""MARKET"", ""priceMatch"": ""NONE"", ""selfTradePreventionMode"": ""EXPIRE_MAKER"", ""goodTillDate"": 0, ""updateTime"": 1776260138023}"
2026-04-15T13:44:22+00:00,реальный,USDT-M Futures,RAVEUSDT,CLOSE_SHORT,BUY,SHORT,3,11.67558,5,58.37790,19.45930,0,"стоп-лосс SHORT: вход=11.40571, текущая=11.67558, стоп=11.6338242",НОВЫЙ,56427790,"{""orderId"": 56427790, ""symbol"": ""RAVEUSDT"", ""status"": ""NEW"", ""clientOrderId"": ""x-Cb7ytekJ5e8e7d7ed4c0ae4932e0bb"", ""price"": ""0.0000000"", ""avgPrice"": ""0.00"", ""origQty"": ""5"", ""executedQty"": ""0"", ""cumQty"": ""0"", ""cumQuote"": ""0.0000000"", ""timeInForce"": ""GTC"", ""type"": ""MARKET"", ""reduceOnly"": true, ""closePosition"": false, ""side"": ""BUY"", ""positionSide"": ""BOTH"", ""stopPrice"": ""0.0000000"", ""workingType"": ""CONTRACT_PRICE"", ""priceProtect"": false, ""origType"": ""MARKET"", ""priceMatch"": ""NONE"", ""selfTradePreventionMode"": ""EXPIRE_MAKER"", ""goodTillDate"": 0, ""updateTime"": 1776260669620}"
2026-04-15T13:47:33+00:00,реальный,USDT-M Futures,RAVEUSDT,OPEN_LONG,BUY,LONG,3,11.84584,5,59.22920,19.74306666666666666666666667,1.1845840,"импульс вверх 3.23%, RSI=58.2, объем/средний=2.37, EMA тренд вверх",НОВЫЙ,56430344,"{""orderId"": 56430344, ""symbol"": ""RAVEUSDT"", ""status"": ""NEW"", ""clientOrderId"": ""x-Cb7ytekJbc9d132596bbd1fd26b3e5"", ""price"": ""0.0000000"", ""avgPrice"": ""0.00"", ""origQty"": ""5"", ""executedQty"": ""0"", ""cumQty"": ""0"", ""cumQuote"": ""0.0000000"", ""timeInForce"": ""GTC"", ""type"": ""MARKET"", ""reduceOnly"": false, ""closePosition"": false, ""side"": ""BUY"", ""positionSide"": ""BOTH"", ""stopPrice"": ""0.0000000"", ""workingType"": ""CONTRACT_PRICE"", ""priceProtect"": false, ""origType"": ""MARKET"", ""priceMatch"": ""NONE"", ""selfTradePreventionMode"": ""EXPIRE_MAKER"", ""goodTillDate"": 0, ""updateTime"": 1776260860833}"
2026-04-15T13:53:52+00:00,реальный,USDT-M Futures,RAVEUSDT,CLOSE_LONG,SELL,LONG,3,11.7055,5,58.5275,19.50916666666666666666666667,0,"стоп-лосс LONG: вход=11.95134, текущая=11.7055, стоп=11.7123132",НОВЫЙ,56433988,"{""orderId"": 56433988, ""symbol"": ""RAVEUSDT"", ""status"": ""NEW"", ""clientOrderId"": ""x-Cb7ytekJb65be03aa558736beb64f2"", ""price"": ""0.0000000"", ""avgPrice"": ""0.00"", ""origQty"": ""5"", ""executedQty"": ""0"", ""cumQty"": ""0"", ""cumQuote"": ""0.0000000"", ""timeInForce"": ""GTC"", ""type"": ""MARKET"", ""reduceOnly"": true, ""closePosition"": false, ""side"": ""SELL"", ""positionSide"": ""BOTH"", ""stopPrice"": ""0.0000000"", ""workingType"": ""CONTRACT_PRICE"", ""priceProtect"": false, ""origType"": ""MARKET"", ""priceMatch"": ""NONE"", ""selfTradePreventionMode"": ""EXPIRE_MAKER"", ""goodTillDate"": 0, ""updateTime"": 1776261239784}"
2026-04-15T14:25:34+00:00,реальный,USDT-M Futures,RAVEUSDT,OPEN_LONG,BUY,LONG,3,11.87416,5,59.37080,19.79026666666666666666666667,1.1874160,"импульс вверх 1.39%, RSI=56.8, объем/средний=2.87, EMA тренд вверх",НОВЫЙ,56453795,"{""orderId"": 56453795, ""symbol"": ""RAVEUSDT"", ""status"": ""NEW"", ""clientOrderId"": ""x-Cb7ytekJef12119cccd83431867ade"", ""price"": ""0.0000000"", ""avgPrice"": ""0.00"", ""origQty"": ""5"", ""executedQty"": ""0"", ""cumQty"": ""0"", ""cumQuote"": ""0.0000000"", ""timeInForce"": ""GTC"", ""type"": ""MARKET"", ""reduceOnly"": false, ""closePosition"": false, ""side"": ""BUY"", ""positionSide"": ""BOTH"", ""stopPrice"": ""0.0000000"", ""workingType"": ""CONTRACT_PRICE"", ""priceProtect"": false, ""origType"": ""MARKET"", ""priceMatch"": ""NONE"", ""selfTradePreventionMode"": ""EXPIRE_MAKER"", ""goodTillDate"": 0, ""updateTime"": 1776263141990}"
2026-04-15T14:31:55+00:00,реальный,USDT-M Futures,RAVEUSDT,CLOSE_LONG,SELL,LONG,3,12.36171,5,61.80855,20.60285,0,"тейк-профит LONG: вход=11.89889, текущая=12.36171, цель=12.2558567",НОВЫЙ,56458837,"{""orderId"": 56458837, ""symbol"": ""RAVEUSDT"", ""status"": ""NEW"", ""clientOrderId"": ""x-Cb7ytekJf68cd865a6f644f4f2d62c"", ""price"": ""0.0000000"", ""avgPrice"": ""0.00"", ""origQty"": ""5"", ""executedQty"": ""0"", ""cumQty"": ""0"", ""cumQuote"": ""0.0000000"", ""timeInForce"": ""GTC"", ""type"": ""MARKET"", ""reduceOnly"": true, ""closePosition"": false, ""side"": ""SELL"", ""positionSide"": ""BOTH"", ""stopPrice"": ""0.0000000"", ""workingType"": ""CONTRACT_PRICE"", ""priceProtect"": false, ""origType"": ""MARKET"", ""priceMatch"": ""NONE"", ""selfTradePreventionMode"": ""EXPIRE_MAKER"", ""goodTillDate"": 0, ""updateTime"": 1776263522702}"
2026-04-15T14:35:06+00:00,реальный,USDT-M Futures,PUFFERUSDT,OPEN_SHORT,SELL,SHORT,3,0.02627,2283,59.97441,19.99147,1.1994882,"импульс вниз -1.57%, RSI=15.9, объем/средний=1.60, EMA тренд вниз",НОВЫЙ,58580395,"{""orderId"": 58580395, ""symbol"": ""PUFFERUSDT"", ""status"": ""NEW"", ""clientOrderId"": ""x-Cb7ytekJ9b4ddeaf22fc020a4bd3aa"", ""price"": ""0.0000000"", ""avgPrice"": ""0.00"", ""origQty"": ""2283"", ""executedQty"": ""0"", ""cumQty"": ""0"", ""cumQuote"": ""0.0000000"", ""timeInForce"": ""GTC"", ""type"": ""MARKET"", ""reduceOnly"": false, ""closePosition"": false, ""side"": ""SELL"", ""positionSide"": ""BOTH"", ""stopPrice"": ""0.0000000"", ""workingType"": ""CONTRACT_PRICE"", ""priceProtect"": false, ""origType"": ""MARKET"", ""priceMatch"": ""NONE"", ""selfTradePreventionMode"": ""EXPIRE_MAKER"", ""goodTillDate"": 0, ""updateTime"": 1776263713360}"
2026-04-15T14:44:34+00:00,реальный,USDT-M Futures,ARIAUSDT,CLOSE_SHORT,BUY,SHORT,3,0.11769,571,67.20099,22.40033,0,"стоп-лосс SHORT: вход=0.10659, текущая=0.11769, стоп=0.1087218",НОВЫЙ,68806488,"{""orderId"": 68806488, ""symbol"": ""ARIAUSDT"", ""status"": ""NEW"", ""clientOrderId"": ""x-Cb7ytekJ407c9dc219c5f5a67633c3"", ""price"": ""0.0000000"", ""avgPrice"": ""0.00"", ""origQty"": ""571"", ""executedQty"": ""0"", ""cumQty"": ""0"", ""cumQuote"": ""0.0000000"", ""timeInForce"": ""GTC"", ""type"": ""MARKET"", ""reduceOnly"": true, ""closePosition"": false, ""side"": ""BUY"", ""positionSide"": ""BOTH"", ""stopPrice"": ""0.0000000"", ""workingType"": ""CONTRACT_PRICE"", ""priceProtect"": false, ""origType"": ""MARKET"", ""priceMatch"": ""NONE"", ""selfTradePreventionMode"": ""EXPIRE_MAKER"", ""goodTillDate"": 0, ""updateTime"": 1776264281571}"
2026-04-15T15:09:54+00:00,реальный,USDT-M Futures,ARIAUSDT,OPEN_SHORT,SELL,SHORT,3,0.10954,547,59.91838,19.97279333333333333333333333,1.1983676,"импульс вниз -1.32%, RSI=44.9, объем/средний=1.65, EMA тренд вниз",НОВЫЙ,68814896,"{""orderId"": 68814896, ""symbol"": ""ARIAUSDT"", ""status"": ""NEW"", ""clientOrderId"": ""x-Cb7ytekJ1f577a4dabdf94b759f286"", ""price"": ""0.0000000"", ""avgPrice"": ""0.00"", ""origQty"": ""547"", ""executedQty"": ""0"", ""cumQty"": ""0"", ""cumQuote"": ""0.0000000"", ""timeInForce"": ""GTC"", ""type"": ""MARKET"", ""reduceOnly"": false, ""closePosition"": false, ""side"": ""SELL"", ""positionSide"": ""BOTH"", ""stopPrice"": ""0.0000000"", ""workingType"": ""CONTRACT_PRICE"", ""priceProtect"": false, ""origType"": ""MARKET"", ""priceMatch"": ""NONE"", ""selfTradePreventionMode"": ""EXPIRE_MAKER"", ""goodTillDate"": 0, ""updateTime"": 1776265801174}"
2026-04-15T15:13:07+00:00,реальный,USDT-M Futures,RAVEUSDT,OPEN_SHORT,SELL,SHORT,3,12.34756,4,49.39024,16.46341333333333333333333333,0.9878048,"импульс вниз -3.02%, RSI=38.2, объем/средний=4.48, EMA тренд вниз",НОВЫЙ,56484145,"{""orderId"": 56484145, ""symbol"": ""RAVEUSDT"", ""status"": ""NEW"", ""clientOrderId"": ""x-Cb7ytekJ497027301f10477a1131f3"", ""price"": ""0.0000000"", ""avgPrice"": ""0.00"", ""origQty"": ""4"", ""executedQty"": ""0"", ""cumQty"": ""0"", ""cumQuote"": ""0.0000000"", ""timeInForce"": ""GTC"", ""type"": ""MARKET"", ""reduceOnly"": false, ""closePosition"": false, ""side"": ""SELL"", ""positionSide"": ""BOTH"", ""stopPrice"": ""0.0000000"", ""workingType"": ""CONTRACT_PRICE"", ""priceProtect"": false, ""origType"": ""MARKET"", ""priceMatch"": ""NONE"", ""selfTradePreventionMode"": ""EXPIRE_MAKER"", ""goodTillDate"": 0, ""updateTime"": 1776265994223}"
2026-04-15T15:19:26+00:00,реальный,USDT-M Futures,RAVEUSDT,CLOSE_SHORT,BUY,SHORT,3,12.77919,4,51.11676,17.03892,0,"стоп-лосс SHORT: вход=12.34693, текущая=12.77919, стоп=12.5938686",НОВЫЙ,56487329,"{""orderId"": 56487329, ""symbol"": ""RAVEUSDT"", ""status"": ""NEW"", ""clientOrderId"": ""x-Cb7ytekJ3484e1e69ec71b3f6fdff3"", ""price"": ""0.0000000"", ""avgPrice"": ""0.00"", ""origQty"": ""4"", ""executedQty"": ""0"", ""cumQty"": ""0"", ""cumQuote"": ""0.0000000"", ""timeInForce"": ""GTC"", ""type"": ""MARKET"", ""reduceOnly"": true, ""closePosition"": false, ""side"": ""BUY"", ""positionSide"": ""BOTH"", ""stopPrice"": ""0.0000000"", ""workingType"": ""CONTRACT_PRICE"", ""priceProtect"": false, ""origType"": ""MARKET"", ""priceMatch"": ""NONE"", ""selfTradePreventionMode"": ""EXPIRE_MAKER"", ""goodTillDate"": 0, ""updateTime"": 1776266373167}"
2026-04-15T15:38:17+00:00,реальный,USDT-M Futures,RAVEUSDT,OPEN_SHORT,SELL,SHORT,3,11.95722,5,59.78610,19.92870,1.1957220,"импульс вниз -2.86%, RSI=26.9, объем/средний=3.82, EMA тренд вниз",НОВЫЙ,56497120,"{""orderId"": 56497120, ""symbol"": ""RAVEUSDT"", ""status"": ""NEW"", ""clientOrderId"": ""x-Cb7ytekJ119a979a6c97fb9a438f2c"", ""price"": ""0.0000000"", ""avgPrice"": ""0.00"", ""origQty"": ""5"", ""executedQty"": ""0"", ""cumQty"": ""0"", ""cumQuote"": ""0.0000000"", ""timeInForce"": ""GTC"", ""type"": ""MARKET"", ""reduceOnly"": false, ""closePosition"": false, ""side"": ""SELL"", ""positionSide"": ""BOTH"", ""stopPrice"": ""0.0000000"", ""workingType"": ""CONTRACT_PRICE"", ""priceProtect"": false, ""origType"": ""MARKET"", ""priceMatch"": ""NONE"", ""selfTradePreventionMode"": ""EXPIRE_MAKER"", ""goodTillDate"": 0, ""updateTime"": 1776267504496}"
2026-04-15T15:47:45+00:00,реальный,USDT-M Futures,RAVEUSDT,CLOSE_SHORT,BUY,SHORT,3,12.18446,5,60.92230,20.30743333333333333333333333,0,"стоп-лосс SHORT: вход=11.94163, текущая=12.18446, стоп=12.1804626",НОВЫЙ,56501729,"{""orderId"": 56501729, ""symbol"": ""RAVEUSDT"", ""status"": ""NEW"", ""clientOrderId"": ""x-Cb7ytekJ41e3e96d09f204761b28e3"", ""price"": ""0.0000000"", ""avgPrice"": ""0.00"", ""origQty"": ""5"", ""executedQty"": ""0"", ""cumQty"": ""0"", ""cumQuote"": ""0.0000000"", ""timeInForce"": ""GTC"", ""type"": ""MARKET"", ""reduceOnly"": true, ""closePosition"": false, ""side"": ""BUY"", ""positionSide"": ""BOTH"", ""stopPrice"": ""0.0000000"", ""workingType"": ""CONTRACT_PRICE"", ""priceProtect"": false, ""origType"": ""MARKET"", ""priceMatch"": ""NONE"", ""selfTradePreventionMode"": ""EXPIRE_MAKER"", ""goodTillDate"": 0, ""updateTime"": 1776268072912}"
2026-04-15T16:03:32+00:00,реальный,USDT-M Futures,PUFFERUSDT,CLOSE_SHORT,BUY,SHORT,3,0.027,2283,61.641,20.547,0,"стоп-лосс SHORT: вход=0.02624, текущая=0.027, стоп=0.0267648",НОВЫЙ,58629145,"{""orderId"": 58629145, ""symbol"": ""PUFFERUSDT"", ""status"": ""NEW"", ""clientOrderId"": ""x-Cb7ytekJ8cd75f54071cdb0ec7c329"", ""price"": ""0.0000000"", ""avgPrice"": ""0.00"", ""origQty"": ""2283"", ""executedQty"": ""0"", ""cumQty"": ""0"", ""cumQuote"": ""0.0000000"", ""timeInForce"": ""GTC"", ""type"": ""MARKET"", ""reduceOnly"": true, ""closePosition"": false, ""side"": ""BUY"", ""positionSide"": ""BOTH"", ""stopPrice"": ""0.0000000"", ""workingType"": ""CONTRACT_PRICE"", ""priceProtect"": false, ""origType"": ""MARKET"", ""priceMatch"": ""NONE"", ""selfTradePreventionMode"": ""EXPIRE_MAKER"", ""goodTillDate"": 0, ""updateTime"": 1776269020016}"
2026-04-15T16:31:58+00:00,реальный,USDT-M Futures,RAVEUSDT,OPEN_SHORT,SELL,SHORT,3,11.68634,5,58.43170,19.47723333333333333333333333,1.1686340,"импульс вниз -1.40%, RSI=23.6, объем/средний=3.29, EMA тренд вниз",НОВЫЙ,56526166,"{""orderId"": 56526166, ""symbol"": ""RAVEUSDT"", ""status"": ""NEW"", ""clientOrderId"": ""x-Cb7ytekJ61719a68c763887d346c89"", ""price"": ""0.0000000"", ""avgPrice"": ""0.00"", ""origQty"": ""5"", ""executedQty"": ""0"", ""cumQty"": ""0"", ""cumQuote"": ""0.0000000"", ""timeInForce"": ""GTC"", ""type"": ""MARKET"", ""reduceOnly"": false, ""closePosition"": false, ""side"": ""SELL"", ""positionSide"": ""BOTH"", ""stopPrice"": ""0.0000000"", ""workingType"": ""CONTRACT_PRICE"", ""priceProtect"": false, ""origType"": ""MARKET"", ""priceMatch"": ""NONE"", ""selfTradePreventionMode"": ""EXPIRE_MAKER"", ""goodTillDate"": 0, ""updateTime"": 1776270725921}"
2026-04-15T16:41:27+00:00,реальный,USDT-M Futures,ARIAUSDT,CLOSE_SHORT,BUY,SHORT,3,0.1059,547,57.9273,19.3091,0,"тейк-профит SHORT: вход=0.1095, текущая=0.1059, цель=0.106215",НОВЫЙ,68844985,"{""orderId"": 68844985, ""symbol"": ""ARIAUSDT"", ""status"": ""NEW"", ""clientOrderId"": ""x-Cb7ytekJ7d573d51658a728dbd26fb"", ""price"": ""0.0000000"", ""avgPrice"": ""0.00"", ""origQty"": ""547"", ""executedQty"": ""0"", ""cumQty"": ""0"", ""cumQuote"": ""0.0000000"", ""timeInForce"": ""GTC"", ""type"": ""MARKET"", ""reduceOnly"": true, ""closePosition"": false, ""side"": ""BUY"", ""positionSide"": ""BOTH"", ""stopPrice"": ""0.0000000"", ""workingType"": ""CONTRACT_PRICE"", ""priceProtect"": false, ""origType"": ""MARKET"", ""priceMatch"": ""NONE"", ""selfTradePreventionMode"": ""EXPIRE_MAKER"", ""goodTillDate"": 0, ""updateTime"": 1776271295001}"
2026-04-15T16:54:09+00:00,реальный,USDT-M Futures,RAVEUSDT,CLOSE_SHORT,BUY,SHORT,3,11.41876,5,57.09380,19.03126666666666666666666667,0,"тейк-профит SHORT: вход=11.81457, текущая=11.41876, цель=11.4601329",НОВЫЙ,56537265,"{""orderId"": 56537265, ""symbol"": ""RAVEUSDT"", ""status"": ""NEW"", ""clientOrderId"": ""x-Cb7ytekJb2089d84f2cc59dc127c7"", ""price"": ""0.0000000"", ""avgPrice"": ""0.00"", ""origQty"": ""5"", ""executedQty"": ""0"", ""cumQty"": ""0"", ""cumQuote"": ""0.0000000"", ""timeInForce"": ""GTC"", ""type"": ""MARKET"", ""reduceOnly"": true, ""closePosition"": false, ""side"": ""BUY"", ""positionSide"": ""BOTH"", ""stopPrice"": ""0.0000000"", ""workingType"": ""CONTRACT_PRICE"", ""priceProtect"": false, ""origType"": ""MARKET"", ""priceMatch"": ""NONE"", ""selfTradePreventionMode"": ""EXPIRE_MAKER"", ""goodTillDate"": 0, ""updateTime"": 1776272056684}"
2026-04-15T17:09:57+00:00,реальный,USDT-M Futures,QUICKUSDT,OPEN_SHORT,SELL,SHORT,3,0.0116,5172,59.9952,19.9984,1.199904,"импульс вниз -1.02%, RSI=26.7, объем/средний=1.67, EMA тренд вниз",НОВЫЙ,117322486,"{""orderId"": 117322486, ""symbol"": ""QUICKUSDT"", ""status"": ""NEW"", ""clientOrderId"": ""x-Cb7ytekJcd0dcf7f002c909437dd2e"", ""price"": ""0.0000000"", ""avgPrice"": ""0.00"", ""origQty"": ""5172"", ""executedQty"": ""0"", ""cumQty"": ""0"", ""cumQuote"": ""0.0000000"", ""timeInForce"": ""GTC"", ""type"": ""MARKET"", ""reduceOnly"": false, ""closePosition"": false, ""side"": ""SELL"", ""positionSide"": ""BOTH"", ""stopPrice"": ""0.0000000"", ""workingType"": ""CONTRACT_PRICE"", ""priceProtect"": false, ""origType"": ""MARKET"", ""priceMatch"": ""NONE"", ""selfTradePreventionMode"": ""EXPIRE_MAKER"", ""goodTillDate"": 0, ""updateTime"": 1776273004967}"
2026-04-15T17:16:17+00:00,реальный,USDT-M Futures,RAVEUSDT,OPEN_LONG,BUY,LONG,3,11.89145,5,59.45725,19.81908333333333333333333333,1.1891450,"импульс вверх 3.11%, RSI=60.7, объем/средний=1.67, EMA тренд вверх",НОВЫЙ,56549704,"{""orderId"": 56549704, ""symbol"": ""RAVEUSDT"", ""status"": ""NEW"", ""clientOrderId"": ""x-Cb7ytekJ9c51059289581aa7c37ba7"", ""price"": ""0.0000000"", ""avgPrice"": ""0.00"", ""origQty"": ""5"", ""executedQty"": ""0"", ""cumQty"": ""0"", ""cumQuote"": ""0.0000000"", ""timeInForce"": ""GTC"", ""type"": ""MARKET"", ""reduceOnly"": false, ""closePosition"": false, ""side"": ""BUY"", ""positionSide"": ""BOTH"", ""stopPrice"": ""0.0000000"", ""workingType"": ""CONTRACT_PRICE"", ""priceProtect"": false, ""origType"": ""MARKET"", ""priceMatch"": ""NONE"", ""selfTradePreventionMode"": ""EXPIRE_MAKER"", ""goodTillDate"": 0, ""updateTime"": 1776273384800}"
2026-04-15T17:19:28+00:00,реальный,USDT-M Futures,BLESSUSDT,OPEN_SHORT,SELL,SHORT,3,0.01233,4866,59.99778,19.99926,1.1999556,"импульс вниз -2.07%, RSI=35.5, объем/средний=3.57, EMA тренд вниз",НОВЫЙ,207119680,"{""orderId"": 207119680, ""symbol"": ""BLESSUSDT"", ""status"": ""NEW"", ""clientOrderId"": ""x-Cb7ytekJ2d94d64b5b4bce6365e0a7"", ""price"": ""0.0000000"", ""avgPrice"": ""0.00"", ""origQty"": ""4866"", ""executedQty"": ""0"", ""cumQty"": ""0"", ""cumQuote"": ""0.0000000"", ""timeInForce"": ""GTC"", ""type"": ""MARKET"", ""reduceOnly"": false, ""closePosition"": false, ""side"": ""SELL"", ""positionSide"": ""BOTH"", ""stopPrice"": ""0.0000000"", ""workingType"": ""CONTRACT_PRICE"", ""priceProtect"": false, ""origType"": ""MARKET"", ""priceMatch"": ""NONE"", ""selfTradePreventionMode"": ""EXPIRE_MAKER"", ""goodTillDate"": 0, ""updateTime"": 1776273575551}"
2026-04-15T17:22:38+00:00,реальный,USDT-M Futures,BLESSUSDT,CLOSE_SHORT,BUY,SHORT,3,0.01168,4866,56.83488,18.94496,0,"тейк-профит SHORT: вход=0.01216, текущая=0.01168, цель=0.0117952",НОВЫЙ,207122052,"{""orderId"": 207122052, ""symbol"": ""BLESSUSDT"", ""status"": ""NEW"", ""clientOrderId"": ""x-Cb7ytekJe76ef6222d36735977b639"", ""price"": ""0.0000000"", ""avgPrice"": ""0.00"", ""origQty"": ""4866"", ""executedQty"": ""0"", ""cumQty"": ""0"", ""cumQuote"": ""0.0000000"", ""timeInForce"": ""GTC"", ""type"": ""MARKET"", ""reduceOnly"": true, ""closePosition"": false, ""side"": ""BUY"", ""positionSide"": ""BOTH"", ""stopPrice"": ""0.0000000"", ""workingType"": ""CONTRACT_PRICE"", ""priceProtect"": false, ""origType"": ""MARKET"", ""priceMatch"": ""NONE"", ""selfTradePreventionMode"": ""EXPIRE_MAKER"", ""goodTillDate"": 0, ""updateTime"": 1776273765409}"
2026-04-15T17:25:48+00:00,реальный,USDT-M Futures,RAVEUSDT,CLOSE_LONG,SELL,LONG,3,11.48629,5,57.43145,19.14381666666666666666666667,0,"стоп-лосс LONG: вход=11.76417, текущая=11.48629, стоп=11.5288866",НОВЫЙ,56558252,"{""orderId"": 56558252, ""symbol"": ""RAVEUSDT"", ""status"": ""NEW"", ""clientOrderId"": ""x-Cb7ytekJ70f65cd6987fc14de605e8"", ""price"": ""0.0000000"", ""avgPrice"": ""0.00"", ""origQty"": ""5"", ""executedQty"": ""0"", ""cumQty"": ""0"", ""cumQuote"": ""0.0000000"", ""timeInForce"": ""GTC"", ""type"": ""MARKET"", ""reduceOnly"": true, ""closePosition"": false, ""side"": ""SELL"", ""positionSide"": ""BOTH"", ""stopPrice"": ""0.0000000"", ""workingType"": ""CONTRACT_PRICE"", ""priceProtect"": false, ""origType"": ""MARKET"", ""priceMatch"": ""NONE"", ""selfTradePreventionMode"": ""EXPIRE_MAKER"", ""goodTillDate"": 0, ""updateTime"": 1776273955119}"
2026-04-15T17:25:49+00:00,реальный,USDT-M Futures,BLESSUSDT,OPEN_SHORT,SELL,SHORT,3,0.01111,5400,59.99400,19.99800,1.1998800,"импульс вниз -8.33%, RSI=14.4, объем/средний=2.58, EMA тренд вниз",НОВЫЙ,207124120,"{""orderId"": 207124120, ""symbol"": ""BLESSUSDT"", ""status"": ""NEW"", ""clientOrderId"": ""x-Cb7ytekJ636f5451295b01040977f0"", ""price"": ""0.0000000"", ""avgPrice"": ""0.00"", ""origQty"": ""5400"", ""executedQty"": ""0"", ""cumQty"": ""0"", ""cumQuote"": ""0.0000000"", ""timeInForce"": ""GTC"", ""type"": ""MARKET"", ""reduceOnly"": false, ""closePosition"": false, ""side"": ""SELL"", ""positionSide"": ""BOTH"", ""stopPrice"": ""0.0000000"", ""workingType"": ""CONTRACT_PRICE"", ""priceProtect"": false, ""origType"": ""MARKET"", ""priceMatch"": ""NONE"", ""selfTradePreventionMode"": ""EXPIRE_MAKER"", ""goodTillDate"": 0, ""updateTime"": 1776273956413}"
2026-04-15T17:38:26+00:00,реальный,USDT-M Futures,BLESSUSDT,CLOSE_SHORT,BUY,SHORT,3,0.01079,5400,58.26600,19.42200,0,"тейк-профит SHORT: вход=0.01123, текущая=0.01079, цель=0.0108931",НОВЫЙ,207131171,"{""orderId"": 207131171, ""symbol"": ""BLESSUSDT"", ""status"": ""NEW"", ""clientOrderId"": ""x-Cb7ytekJb53645794a03f8d8cfd629"", ""price"": ""0.0000000"", ""avgPrice"": ""0.00"", ""origQty"": ""5400"", ""executedQty"": ""0"", ""cumQty"": ""0"", ""cumQuote"": ""0.0000000"", ""timeInForce"": ""GTC"", ""type"": ""MARKET"", ""reduceOnly"": true, ""closePosition"": false, ""side"": ""BUY"", ""positionSide"": ""BOTH"", ""stopPrice"": ""0.0000000"", ""workingType"": ""CONTRACT_PRICE"", ""priceProtect"": false, ""origType"": ""MARKET"", ""priceMatch"": ""NONE"", ""selfTradePreventionMode"": ""EXPIRE_MAKER"", ""goodTillDate"": 0, ""updateTime"": 1776274714012}"
2026-04-15T18:06:52+00:00,реальный,USDT-M Futures,BLESSUSDT,OPEN_SHORT,SELL,SHORT,3,0.01006,5964,59.99784,19.99928,1.1999568,"импульс вниз -4.01%, RSI=27.1, объем/средний=3.24, EMA тренд вниз",ИСПОЛНЕН,207144104,"{""orderId"": 207144104, ""symbol"": ""BLESSUSDT"", ""status"": ""FILLED"", ""clientOrderId"": ""x-Cb7ytekJb11c9036f8765561f4b305"", ""price"": ""0.0000000"", ""avgPrice"": ""0.0098600"", ""origQty"": ""5964"", ""executedQty"": ""5964"", ""cumQty"": ""5964"", ""cumQuote"": ""58.8050400"", ""timeInForce"": ""GTC"", ""type"": ""MARKET"", ""reduceOnly"": false, ""closePosition"": false, ""side"": ""SELL"", ""positionSide"": ""BOTH"", ""stopPrice"": ""0.0000000"", ""workingType"": ""CONTRACT_PRICE"", ""priceProtect"": false, ""origType"": ""MARKET"", ""priceMatch"": ""NONE"", ""selfTradePreventionMode"": ""EXPIRE_MAKER"", ""goodTillDate"": 0, ""updateTime"": 1776276419025}"
2026-04-15T18:10:02+00:00,реальный,USDT-M Futures,BLESSUSDT,CLOSE_SHORT,BUY,SHORT,3,0.00948,5964,56.53872,18.84624,0,"тейк-профит SHORT: вход=0.00986, текущая=0.00948, цель=0.0095642",ИСПОЛНЕН,207146006,"{""orderId"": 207146006, ""symbol"": ""BLESSUSDT"", ""status"": ""FILLED"", ""clientOrderId"": ""x-Cb7ytekJ5bcf14fec1f2ca76b133ad"", ""price"": ""0.0000000"", ""avgPrice"": ""0.0092500"", ""origQty"": ""5964"", ""executedQty"": ""5964"", ""cumQty"": ""5964"", ""cumQuote"": ""55.1670000"", ""timeInForce"": ""GTC"", ""type"": ""MARKET"", ""reduceOnly"": true, ""closePosition"": false, ""side"": ""BUY"", ""positionSide"": ""BOTH"", ""stopPrice"": ""0.0000000"", ""workingType"": ""CONTRACT_PRICE"", ""priceProtect"": false, ""origType"": ""MARKET"", ""priceMatch"": ""NONE"", ""selfTradePreventionMode"": ""EXPIRE_MAKER"", ""goodTillDate"": 0, ""updateTime"": 1776276609486}"
2026-04-15T18:10:04+00:00,реальный,USDT-M Futures,RAVEUSDT,OPEN_SHORT,SELL,SHORT,3,11.62557,5,58.12785,19.37595,1.1625570,"импульс вниз -2.11%, RSI=36.5, объем/средний=2.82, EMA тренд вниз",ИСПОЛНЕН,56579928,"{""orderId"": 56579928, ""symbol"": ""RAVEUSDT"", ""status"": ""FILLED"", ""clientOrderId"": ""x-Cb7ytekJ763ae759e8d60ea71474b8"", ""price"": ""0.0000000"", ""avgPrice"": ""11.6241100"", ""origQty"": ""5"", ""executedQty"": ""5"", ""cumQty"": ""5"", ""cumQuote"": ""58.1205500"", ""timeInForce"": ""GTC"", ""type"": ""MARKET"", ""reduceOnly"": false, ""closePosition"": false, ""side"": ""SELL"", ""positionSide"": ""BOTH"", ""stopPrice"": ""0.0000000"", ""workingType"": ""CONTRACT_PRICE"", ""priceProtect"": false, ""origType"": ""MARKET"", ""priceMatch"": ""NONE"", ""selfTradePreventionMode"": ""EXPIRE_MAKER"", ""goodTillDate"": 0, ""updateTime"": 1776276610867}"
2026-04-15T18:13:13+00:00,реальный,USDT-M Futures,RAVEUSDT,CLOSE_SHORT,BUY,SHORT,3,12.22523,5,61.12615,20.37538333333333333333333333,0,"стоп-лосс SHORT: вход=11.62411, текущая=12.22523, стоп=11.8565922",ИСПОЛНЕН,56582056,"{""orderId"": 56582056, ""symbol"": ""RAVEUSDT"", ""status"": ""FILLED"", ""clientOrderId"": ""x-Cb7ytekJ12c47205078d4518745e7e"", ""price"": ""0.0000000"", ""avgPrice"": ""12.2827800"", ""origQty"": ""5"", ""executedQty"": ""5"", ""cumQty"": ""5"", ""cumQuote"": ""61.4139000"", ""timeInForce"": ""GTC"", ""type"": ""MARKET"", ""reduceOnly"": true, ""closePosition"": false, ""side"": ""BUY"", ""positionSide"": ""BOTH"", ""stopPrice"": ""0.0000000"", ""workingType"": ""CONTRACT_PRICE"", ""priceProtect"": false, ""origType"": ""MARKET"", ""priceMatch"": ""NONE"", ""selfTradePreventionMode"": ""EXPIRE_MAKER"", ""goodTillDate"": 0, ""updateTime"": 1776276800854}"
2026-04-15T18:13:15+00:00,реальный,USDT-M Futures,BLESSUSDT,OPEN_SHORT,SELL,SHORT,3,0.00838,7159,59.99242,19.99747333333333333333333333,1.1998484,"импульс вниз -14.84%, RSI=9.7, объем/средний=3.59, EMA тренд вниз",ИСПОЛНЕН,207148055,"{""orderId"": 207148055, ""symbol"": ""BLESSUSDT"", ""status"": ""FILLED"", ""clientOrderId"": ""x-Cb7ytekJ6a232f8212463c042e5237"", ""price"": ""0.0000000"", ""avgPrice"": ""0.0080100"", ""origQty"": ""7159"", ""executedQty"": ""7159"", ""cumQty"": ""7159"", ""cumQuote"": ""57.3435900"", ""timeInForce"": ""GTC"", ""type"": ""MARKET"", ""reduceOnly"": false, ""closePosition"": false, ""side"": ""SELL"", ""positionSide"": ""BOTH"", ""stopPrice"": ""0.0000000"", ""workingType"": ""CONTRACT_PRICE"", ""priceProtect"": false, ""origType"": ""MARKET"", ""priceMatch"": ""NONE"", ""selfTradePreventionMode"": ""EXPIRE_MAKER"", ""goodTillDate"": 0, ""updateTime"": 1776276802165}"
2026-04-15T18:14:47+00:00,реальный,USDT-M Futures,BLESSUSDT,CLOSE_SHORT,BUY,SHORT,3,0.00824,7159,58.99016,19.66338666666666666666666667,0,"стоп-лосс SHORT: вход=0.00801, текущая=0.00824, стоп=0.0081702",ИСПОЛНЕН,207149056,"{""orderId"": 207149056, ""symbol"": ""BLESSUSDT"", ""status"": ""FILLED"", ""clientOrderId"": ""x-Cb7ytekJed0c9499e8288c0a857c1"", ""price"": ""0.0000000"", ""avgPrice"": ""0.0083100"", ""origQty"": ""7159"", ""executedQty"": ""7159"", ""cumQty"": ""7159"", ""cumQuote"": ""59.4912900"", ""timeInForce"": ""GTC"", ""type"": ""MARKET"", ""reduceOnly"": true, ""closePosition"": false, ""side"": ""BUY"", ""positionSide"": ""BOTH"", ""stopPrice"": ""0.0000000"", ""workingType"": ""CONTRACT_PRICE"", ""priceProtect"": false, ""origType"": ""MARKET"", ""priceMatch"": ""NONE"", ""selfTradePreventionMode"": ""EXPIRE_MAKER"", ""goodTillDate"": 0, ""updateTime"": 1776276894057}"
2026-04-15T18:17:58+00:00,реальный,USDT-M Futures,RAVEUSDT,OPEN_LONG,BUY,LONG,3,12.27962,4,49.11848,16.37282666666666666666666667,0.9823696,"импульс вверх 3.09%, RSI=67.1, объем/средний=1.59, EMA тренд вверх",ИСПОЛНЕН,56584730,"{""orderId"": 56584730, ""symbol"": ""RAVEUSDT"", ""status"": ""FILLED"", ""clientOrderId"": ""x-Cb7ytekJbc94e08dbb5b4b591fe3b6"", ""price"": ""0.0000000"", ""avgPrice"": ""12.3840500"", ""origQty"": ""4"", ""executedQty"": ""4"", ""cumQty"": ""4"", ""cumQuote"": ""49.5362000"", ""timeInForce"": ""GTC"", ""type"": ""MARKET"", ""reduceOnly"": false, ""closePosition"": false, ""side"": ""BUY"", ""positionSide"": ""BOTH"", ""stopPrice"": ""0.0000000"", ""workingType"": ""CONTRACT_PRICE"", ""priceProtect"": false, ""origType"": ""MARKET"", ""priceMatch"": ""NONE"", ""selfTradePreventionMode"": ""EXPIRE_MAKER"", ""goodTillDate"": 0, ""updateTime"": 1776277084850}"
2026-04-15T18:24:18+00:00,реальный,USDT-M Futures,ARIAUSDT,OPEN_SHORT,SELL,SHORT,3,0.10474,572,59.91128,19.97042666666666666666666667,1.1982256,"импульс вниз -1.21%, RSI=36.4, объем/средний=2.11, EMA тренд вниз",ИСПОЛНЕН,68880688,"{""orderId"": 68880688, ""symbol"": ""ARIAUSDT"", ""status"": ""FILLED"", ""clientOrderId"": ""x-Cb7ytekJ9fdc9a22db426b6e10ddec"", ""price"": ""0.0000000"", ""avgPrice"": ""0.1046000"", ""origQty"": ""572"", ""executedQty"": ""572"", ""cumQty"": ""572"", ""cumQuote"": ""59.8312000"", ""timeInForce"": ""GTC"", ""type"": ""MARKET"", ""reduceOnly"": false, ""closePosition"": false, ""side"": ""SELL"", ""positionSide"": ""BOTH"", ""stopPrice"": ""0.0000000"", ""workingType"": ""CONTRACT_PRICE"", ""priceProtect"": false, ""origType"": ""MARKET"", ""priceMatch"": ""NONE"", ""selfTradePreventionMode"": ""EXPIRE_MAKER"", ""goodTillDate"": 0, ""updateTime"": 1776277465157}"
